<?xml version="1.0" encoding="UTF-8"?>
<metadata xml:lang="en"><Esri><CreaDate>20191026</CreaDate><CreaTime>09050500</CreaTime><ArcGISFormat>1.0</ArcGISFormat><SyncOnce>TRUE</SyncOnce><DataProperties><itemProps><itemLocation><linkage Sync="TRUE">file://\\HS157H-93529-M\C$\training\tompkins\shapefiles\watersheds_tomp</linkage><protocol Sync="TRUE">Local Area Network</protocol></itemLocation></itemProps><copyHistory><copy source="C:\training\tompkins\sqlite\watersheds_tomp" dest="\\HS157H-93529-M\C$\training\tompkins\shapefiles\watersheds_tomp" date="20191026" time="09074200"></copy></copyHistory></DataProperties></Esri></metadata>
